{"accuracy": [0.2914195656776428, 0.5239992737770081, 0.6213862299919128, 0.6822646260261536, 0.7295218706130981, 0.7671423554420471, 0.8005003929138184, 0.831541895866394, 0.8544291853904724, 0.8794477581977844, 0.8962194323539734, 0.910025954246521, 0.9270756244659424, 0.9274462461471558, 0.9452372193336487, 0.9475537538528442, 0.9587657451629639, 0.9580244421958923, 0.9672905802726746, 0.963398814201355, 0.9709043502807617, 0.9671052694320679, 0.9706264138221741, 0.9761860370635986, 0.9730355739593506, 0.9819310307502747, 0.9787805676460266, 0.9831356406211853, 0.9825797080993652, 0.9866567850112915], "loss": [1.9034970998764038, 1.3530699014663696, 1.085294246673584, 0.9224979281425476, 0.7852762341499329, 0.6731090545654297, 0.5770668387413025, 0.49159935116767883, 0.42151567339897156, 0.3446294665336609, 0.30525442957878113, 0.26226770877838135, 0.21712234616279602, 0.2030167132616043, 0.15942582488059998, 0.15585538744926453, 0.1239536702632904, 0.11883075535297394, 0.10061756521463394, 0.10852997750043869, 0.08743616938591003, 0.09864842146635056, 0.08147502690553665, 0.07654096186161041, 0.0827738419175148, 0.05414261296391487, 0.06792091578245163, 0.05495333671569824, 0.05579638481140137, 0.041962169110774994], "val_accuracy": [0.4773906469345093, 0.5448480248451233, 0.6356560587882996, 0.6612305641174316, 0.685693085193634, 0.754262387752533, 0.79503333568573, 0.8295033574104309, 0.8350629806518555, 0.8317272067070007, 0.8365455865859985, 0.8406226634979248, 0.8687916994094849, 0.8843587636947632, 0.8984432816505432, 0.8584136366844177, 0.8869532942771912, 0.8813936114311218, 0.879169762134552, 0.8843587636947632, 0.876575231552124, 0.8951075077056885, 0.9162342548370361, 0.8784284591674805, 0.8988139629364014, 0.9043735861778259, 0.9091919660568237, 0.9110451936721802, 0.922535240650177, 0.889177143573761], "val_loss": [1.5484449863433838, 1.259833812713623, 0.983677327632904, 0.9341381192207336, 0.8606395125389099, 0.7234379649162292, 0.6132923364639282, 0.5013749003410339, 0.47200214862823486, 0.4786566197872162, 0.46413105726242065, 0.4675281345844269, 0.4234963059425354, 0.3650265634059906, 0.32108286023139954, 0.4408565163612366, 0.39222535490989685, 0.4010615646839142, 0.4129270315170288, 0.41632798314094543, 0.4803081452846527, 0.3643392324447632, 0.29554083943367004, 0.42072099447250366, 0.3669998049736023, 0.35257619619369507, 0.3172093629837036, 0.32933884859085083, 0.2919814884662628, 0.44814467430114746]}